TransactionID,Amount,TransactionDate,TransactionType,IsFraud,Merchant,CustomerID
1,380.7947176588889,2023-01-01 00:00:00,Transfer,1,Merchant_A,1060
2,951.207163345817,2023-01-01 01:00:00,Withdrawal,0,Merchant_A,1053
3,734.6740023932911,2023-01-01 02:00:00,Transfer,0,Merchant_B,1087
4,602.6718993550662,2023-01-01 03:00:00,Transfer,0,Merchant_A,1067
5,164.45845403801215,2023-01-01 04:00:00,Purchase,0,Merchant_D,1091
6,164.43457513284062,2023-01-01 05:00:00,Purchase,0,Merchant_D,1078
7,67.50277604651747,2023-01-01 06:00:00,Transfer,0,Merchant_C,1000
8,867.5143843171858,2023-01-01 07:00:00,Purchase,0,Merchant_D,1054
9,605.1038616257767,2023-01-01 08:00:00,Withdrawal,0,Merchant_B,1002
10,710.9918520180851,2023-01-01 09:00:00,Withdrawal,0,Merchant_C,1077
11,30.378649352844423,2023-01-01 10:00:00,Purchase,0,Merchant_D,1037
12,970.2107536403744,2023-01-01 11:00:00,Withdrawal,0,Merchant_B,1000
13,834.1182143924175,2023-01-01 12:00:00,Purchase,0,Merchant_D,1037
14,220.2157195714934,2023-01-01 13:00:00,Transfer,0,Merchant_D,1084
15,190.00671753502962,2023-01-01 14:00:00,Transfer,0,Merchant_A,1028
16,191.5704647548995,2023-01-01 15:00:00,Withdrawal,0,Merchant_D,1004
17,311.1998205299424,2023-01-01 16:00:00,Purchase,0,Merchant_D,1073
18,529.5088673159155,2023-01-01 17:00:00,Purchase,1,Merchant_B,1091
19,437.62556845569463,2023-01-01 18:00:00,Withdrawal,0,Merchant_B,1020
20,298.3168487960615,2023-01-01 19:00:00,Transfer,0,Merchant_A,1070
21,615.7343657751557,2023-01-01 20:00:00,Withdrawal,0,Merchant_D,1066
22,148.09892204552142,2023-01-01 21:00:00,Transfer,0,Merchant_A,1046
23,299.22320204986596,2023-01-01 22:00:00,Purchase,0,Merchant_D,1083
24,372.6982248607548,2023-01-01 23:00:00,Transfer,0,Merchant_C,1082
25,461.50928437486556,2023-01-02 00:00:00,Withdrawal,0,Merchant_C,1034
26,787.3242017790834,2023-01-02 01:00:00,Purchase,0,Merchant_A,1067
27,207.67704433677613,2023-01-02 02:00:00,Withdrawal,0,Merchant_A,1068
28,519.0920940294754,2023-01-02 03:00:00,Withdrawal,0,Merchant_A,1000
29,596.4904231734221,2023-01-02 04:00:00,Transfer,0,Merchant_B,1067
30,55.98590859279775,2023-01-02 05:00:00,Withdrawal,0,Merchant_B,1011
31,611.4694033824239,2023-01-02 06:00:00,Transfer,0,Merchant_B,1059
32,178.8188824504186,2023-01-02 07:00:00,Purchase,0,Merchant_A,1026
33,74.40107705542673,2023-01-02 08:00:00,Transfer,0,Merchant_D,1055
34,949.3966818807999,2023-01-02 09:00:00,Purchase,0,Merchant_C,1022
35,965.9757127438138,2023-01-02 10:00:00,Transfer,1,Merchant_A,1024
36,810.3133746352966,2023-01-02 11:00:00,Withdrawal,0,Merchant_B,1020
37,311.56763148163697,2023-01-02 12:00:00,Transfer,1,Merchant_B,1060
38,106.69539286632003,2023-01-02 13:00:00,Transfer,0,Merchant_A,1062
39,687.3906962470353,2023-01-02 14:00:00,Purchase,0,Merchant_A,1051
40,445.7509688022053,2023-01-02 15:00:00,Withdrawal,0,Merchant_B,1087
41,130.81785249633106,2023-01-02 16:00:00,Transfer,0,Merchant_D,1024
42,500.2251410101575,2023-01-02 17:00:00,Withdrawal,0,Merchant_B,1054
43,44.04463590406621,2023-01-02 18:00:00,Transfer,0,Merchant_B,1045
44,910.2271980579942,2023-01-02 19:00:00,Transfer,0,Merchant_A,1031
45,266.1921817840167,2023-01-02 20:00:00,Withdrawal,0,Merchant_D,1054
46,665.8970615104422,2023-01-02 21:00:00,Transfer,0,Merchant_B,1095
47,318.59396532851684,2023-01-02 22:00:00,Withdrawal,0,Merchant_B,1004
48,524.8673409660327,2023-01-02 23:00:00,Transfer,0,Merchant_C,1035
49,551.2431765498469,2023-01-03 00:00:00,Purchase,0,Merchant_A,1048
50,193.00591097027177,2023-01-03 01:00:00,Withdrawal,0,Merchant_C,1057
51,969.888781486913,2023-01-03 02:00:00,Transfer,0,Merchant_C,1038
52,777.3814951275034,2023-01-03 03:00:00,Transfer,1,Merchant_B,1079
53,940.1039521485473,2023-01-03 04:00:00,Purchase,0,Merchant_A,1096
54,895.8790769233724,2023-01-03 05:00:00,Withdrawal,0,Merchant_D,1084
55,601.9209790229743,2023-01-03 06:00:00,Transfer,1,Merchant_B,1060
56,922.6554926728857,2023-01-03 07:00:00,Purchase,0,Merchant_D,1008
57,97.6075770314003,2023-01-03 08:00:00,Transfer,0,Merchant_D,1005
58,204.02303379495373,2023-01-03 09:00:00,Withdrawal,0,Merchant_A,1034
59,54.775016021432684,2023-01-03 10:00:00,Transfer,0,Merchant_C,1038
60,332.0770274556317,2023-01-03 11:00:00,Transfer,0,Merchant_A,1021
61,394.7905167925872,2023-01-03 12:00:00,Transfer,0,Merchant_D,1040
62,278.63554145615694,2023-01-03 13:00:00,Transfer,0,Merchant_B,1004
63,830.45013406041,2023-01-03 14:00:00,Purchase,0,Merchant_D,1041
64,363.1857934266534,2023-01-03 15:00:00,Purchase,1,Merchant_B,1086
65,288.1251645905069,2023-01-03 16:00:00,Withdrawal,0,Merchant_B,1080
66,547.269122326666,2023-01-03 17:00:00,Purchase,0,Merchant_A,1075
67,149.51498272501502,2023-01-03 18:00:00,Purchase,0,Merchant_D,1086
68,804.1750109464992,2023-01-03 19:00:00,Withdrawal,0,Merchant_C,1079
69,83.80513724297312,2023-01-03 20:00:00,Purchase,0,Merchant_D,1066
70,987.0180672345122,2023-01-03 21:00:00,Purchase,0,Merchant_D,1029
71,774.5223216036909,2023-01-03 22:00:00,Withdrawal,0,Merchant_C,1056
72,206.72852471883067,2023-01-03 23:00:00,Withdrawal,0,Merchant_A,1085
73,15.466895952366375,2023-01-04 00:00:00,Withdrawal,0,Merchant_D,1072
74,817.3068141702859,2023-01-04 01:00:00,Transfer,0,Merchant_D,1028
75,709.788770409141,2023-01-04 02:00:00,Transfer,0,Merchant_B,1036
76,731.7170963605774,2023-01-04 03:00:00,Withdrawal,0,Merchant_D,1086
77,773.5576432190862,2023-01-04 04:00:00,Withdrawal,0,Merchant_C,1012
78,83.30420521674945,2023-01-04 05:00:00,Withdrawal,0,Merchant_B,1031
79,364.8810712588299,2023-01-04 06:00:00,Transfer,0,Merchant_A,1045
80,124.71036892987841,2023-01-04 07:00:00,Transfer,0,Merchant_B,1022
81,864.4723916168376,2023-01-04 08:00:00,Purchase,0,Merchant_C,1044
82,627.0651455592823,2023-01-04 09:00:00,Purchase,0,Merchant_C,1016
83,337.5890446041227,2023-01-04 10:00:00,Withdrawal,0,Merchant_B,1084
84,72.9227667831634,2023-01-04 11:00:00,Transfer,0,Merchant_A,1065
85,317.8724984985056,2023-01-04 12:00:00,Transfer,0,Merchant_B,1005
86,331.9314888064796,2023-01-04 13:00:00,Transfer,0,Merchant_A,1017
87,732.3101165546834,2023-01-04 14:00:00,Withdrawal,0,Merchant_B,1093
88,641.181896641661,2023-01-04 15:00:00,Purchase,0,Merchant_C,1021
89,888.3406151505633,2023-01-04 16:00:00,Withdrawal,0,Merchant_D,1032
90,477.4927759103298,2023-01-04 17:00:00,Purchase,0,Merchant_D,1029
91,128.3983034789187,2023-01-04 18:00:00,Purchase,1,Merchant_A,1080
92,716.1123393507651,2023-01-04 19:00:00,Withdrawal,0,Merchant_A,1031
93,763.1771981307285,2023-01-04 20:00:00,Purchase,1,Merchant_A,1041
94,565.6644255938013,2023-01-04 21:00:00,Purchase,0,Merchant_C,1077
95,773.2575081550153,2023-01-04 22:00:00,Transfer,0,Merchant_B,1009
96,498.85764040074685,2023-01-04 23:00:00,Purchase,0,Merchant_C,1035
97,527.5055010881741,2023-01-05 00:00:00,Withdrawal,0,Merchant_D,1033
98,433.26560817496414,2023-01-05 01:00:00,Withdrawal,0,Merchant_A,1072
99,35.164935476654236,2023-01-05 02:00:00,Purchase,0,Merchant_B,1027
100,116.81251272337141,2023-01-05 03:00:00,Transfer,0,Merchant_D,1010
101,41.11489382986691,2023-01-05 04:00:00,Transfer,0,Merchant_D,1077
102,640.0463071511426,2023-01-05 05:00:00,Purchase,0,Merchant_D,1038
103,321.2124212655634,2023-01-05 06:00:00,Purchase,0,Merchant_C,1046
104,513.4849842530557,2023-01-05 07:00:00,Withdrawal,0,Merchant_A,1018
105,908.490809186832,2023-01-05 08:00:00,Purchase,0,Merchant_D,1014
106,256.7993068573862,2023-01-05 09:00:00,Transfer,0,Merchant_A,1027
107,416.2790938052734,2023-01-05 10:00:00,Purchase,0,Merchant_C,1023
108,757.9956271576182,2023-01-05 11:00:00,Withdrawal,0,Merchant_D,1071
109,236.51018383670623,2023-01-05 12:00:00,Withdrawal,0,Merchant_C,1008
110,86.21011073050506,2023-01-05 13:00:00,Withdrawal,1,Merchant_C,1046
111,296.85393838463034,2023-01-05 14:00:00,Withdrawal,0,Merchant_A,1032
112,169.60907438146438,2023-01-05 15:00:00,Withdrawal,0,Merchant_D,1061
113,930.4006758191473,2023-01-05 16:00:00,Purchase,0,Merchant_C,1096
114,810.0391757687728,2023-01-05 17:00:00,Purchase,0,Merchant_D,1018
115,637.0697189453192,2023-01-05 18:00:00,Purchase,0,Merchant_A,1066
116,872.7459842858406,2023-01-05 19:00:00,Purchase,0,Merchant_C,1073
117,805.6353561301233,2023-01-05 20:00:00,Withdrawal,0,Merchant_A,1039
118,194.70435829717547,2023-01-05 21:00:00,Transfer,0,Merchant_D,1046
119,893.633408505078,2023-01-05 22:00:00,Purchase,0,Merchant_D,1064
120,543.9488194964943,2023-01-05 23:00:00,Transfer,0,Merchant_A,1028
121,809.3657536124219,2023-01-06 00:00:00,Purchase,0,Merchant_B,1049
122,897.1303869242583,2023-01-06 01:00:00,Purchase,0,Merchant_C,1097
123,324.8234402221452,2023-01-06 02:00:00,Transfer,0,Merchant_D,1012
124,118.95140528239999,2023-01-06 03:00:00,Withdrawal,0,Merchant_D,1000
125,235.65581091652226,2023-01-06 04:00:00,Purchase,0,Merchant_C,1033
126,432.83671073999375,2023-01-06 05:00:00,Purchase,0,Merchant_A,1092
127,819.8346182632682,2023-01-06 06:00:00,Purchase,0,Merchant_A,1047
128,862.12327742378,2023-01-06 07:00:00,Transfer,0,Merchant_A,1076
129,16.882609225878795,2023-01-06 08:00:00,Withdrawal,0,Merchant_B,1047
130,515.6398295517901,2023-01-06 09:00:00,Transfer,0,Merchant_B,1048
131,423.2368931172912,2023-01-06 10:00:00,Transfer,0,Merchant_D,1063
132,229.88673236602295,2023-01-06 11:00:00,Withdrawal,0,Merchant_A,1060
133,128.66671366034598,2023-01-06 12:00:00,Transfer,0,Merchant_C,1028
134,344.23901968959166,2023-01-06 13:00:00,Withdrawal,0,Merchant_D,1038
135,943.480606873394,2023-01-06 14:00:00,Purchase,0,Merchant_C,1087
136,329.9709027005477,2023-01-06 15:00:00,Withdrawal,0,Merchant_D,1025
137,523.6027155259325,2023-01-06 16:00:00,Purchase,1,Merchant_B,1016
138,705.9887693062261,2023-01-06 17:00:00,Transfer,0,Merchant_D,1070
139,369.99330635550103,2023-01-06 18:00:00,Transfer,0,Merchant_B,1012
140,972.0642618937511,2023-01-06 19:00:00,Purchase,0,Merchant_D,1068
141,962.8228219926901,2023-01-06 20:00:00,Transfer,0,Merchant_A,1025
142,259.2644728671105,2023-01-06 21:00:00,Withdrawal,0,Merchant_C,1048
143,502.2760208334616,2023-01-06 22:00:00,Purchase,0,Merchant_A,1066
144,307.86952671860195,2023-01-06 23:00:00,Transfer,0,Merchant_D,1006
145,291.9920894336929,2023-01-07 00:00:00,Purchase,0,Merchant_D,1057
146,46.51807788098747,2023-01-07 01:00:00,Withdrawal,0,Merchant_D,1048
147,613.4686906400979,2023-01-07 02:00:00,Withdrawal,0,Merchant_B,1052
148,507.6522329965729,2023-01-07 03:00:00,Transfer,0,Merchant_C,1064
149,60.96396373748946,2023-01-07 04:00:00,Withdrawal,0,Merchant_C,1061
150,285.8599995942453,2023-01-07 05:00:00,Purchase,0,Merchant_D,1016
151,909.1832271069871,2023-01-07 06:00:00,Withdrawal,0,Merchant_D,1042
152,247.1662717603027,2023-01-07 07:00:00,Purchase,1,Merchant_B,1024
153,153.44592337031085,2023-01-07 08:00:00,Purchase,0,Merchant_A,1002
154,494.5582326747874,2023-01-07 09:00:00,Withdrawal,0,Merchant_A,1078
155,985.7939495694947,2023-01-07 10:00:00,Transfer,0,Merchant_C,1028
156,249.6347187963854,2023-01-07 11:00:00,Withdrawal,0,Merchant_B,1031
157,675.4141919318198,2023-01-07 12:00:00,Purchase,0,Merchant_D,1025
158,764.0034191754304,2023-01-07 13:00:00,Purchase,0,Merchant_C,1015
159,245.26116855247568,2023-01-07 14:00:00,Withdrawal,0,Merchant_B,1024
160,730.934185125741,2023-01-07 15:00:00,Transfer,0,Merchant_A,1053
161,374.1053013920607,2023-01-07 16:00:00,Transfer,0,Merchant_B,1027
162,635.9827722876437,2023-01-07 17:00:00,Purchase,0,Merchant_A,1072
163,637.1944136532858,2023-01-07 18:00:00,Purchase,0,Merchant_B,1055
164,540.4169372340109,2023-01-07 19:00:00,Transfer,1,Merchant_C,1064
165,99.38687235386422,2023-01-07 20:00:00,Withdrawal,0,Merchant_A,1092
166,836.9494706333456,2023-01-07 21:00:00,Purchase,0,Merchant_C,1085
167,327.5722643220185,2023-01-07 22:00:00,Purchase,1,Merchant_C,1079
168,194.6533252958557,2023-01-07 23:00:00,Transfer,0,Merchant_A,1040
169,50.367390139216276,2023-01-08 00:00:00,Withdrawal,0,Merchant_A,1050
170,594.9840137563594,2023-01-08 01:00:00,Transfer,0,Merchant_D,1070
171,680.7887182238596,2023-01-08 02:00:00,Withdrawal,0,Merchant_D,1077
172,26.42195063857759,2023-01-08 03:00:00,Withdrawal,0,Merchant_D,1028
173,516.9721277162882,2023-01-08 04:00:00,Withdrawal,0,Merchant_C,1082
174,234.23081744595856,2023-01-08 05:00:00,Purchase,0,Merchant_C,1018
175,648.7210625053553,2023-01-08 06:00:00,Transfer,0,Merchant_D,1065
176,182.62276471494152,2023-01-08 07:00:00,Transfer,0,Merchant_C,1040
177,694.0283607214413,2023-01-08 08:00:00,Withdrawal,0,Merchant_C,1044
178,392.86799283753203,2023-01-08 09:00:00,Purchase,0,Merchant_A,1014
179,937.3626888493671,2023-01-08 10:00:00,Purchase,0,Merchant_A,1002
180,146.1457347045333,2023-01-08 11:00:00,Transfer,0,Merchant_C,1010
181,347.65568753975595,2023-01-08 12:00:00,Purchase,0,Merchant_D,1052
182,122.33878602818318,2023-01-08 13:00:00,Purchase,0,Merchant_B,1045
183,925.4466820957772,2023-01-08 14:00:00,Withdrawal,0,Merchant_D,1029
184,878.5659598471713,2023-01-08 15:00:00,Purchase,0,Merchant_B,1056
185,265.362211438004,2023-01-08 16:00:00,Withdrawal,0,Merchant_D,1017
186,663.3842055738372,2023-01-08 17:00:00,Transfer,0,Merchant_A,1050
187,819.0499781992037,2023-01-08 18:00:00,Purchase,0,Merchant_C,1047
188,559.6488034834678,2023-01-08 19:00:00,Transfer,0,Merchant_C,1065
189,534.3540725724464,2023-01-08 20:00:00,Transfer,0,Merchant_A,1095
190,249.43376799144716,2023-01-08 21:00:00,Purchase,0,Merchant_B,1007
191,102.17174012784022,2023-01-08 22:00:00,Purchase,0,Merchant_B,1021
192,898.2436003737935,2023-01-08 23:00:00,Transfer,0,Merchant_B,1005
193,901.4138765916972,2023-01-09 00:00:00,Purchase,0,Merchant_A,1075
194,636.7704427005352,2023-01-09 01:00:00,Withdrawal,0,Merchant_B,1056
195,345.63949313821365,2023-01-09 02:00:00,Withdrawal,0,Merchant_A,1035
196,355.7174788665343,2023-01-09 03:00:00,Purchase,0,Merchant_D,1078
197,728.6961220815369,2023-01-09 04:00:00,Transfer,0,Merchant_D,1091
198,898.1391573530514,2023-01-09 05:00:00,Purchase,0,Merchant_A,1056
199,888.2155600224661,2023-01-09 06:00:00,Purchase,0,Merchant_C,1048
200,782.0767903990476,2023-01-09 07:00:00,Transfer,0,Merchant_D,1044
201,645.6113296927449,2023-01-09 08:00:00,Transfer,1,Merchant_B,1081
202,93.29856534509834,2023-01-09 09:00:00,Withdrawal,0,Merchant_A,1065
203,170.01242695366764,2023-01-09 10:00:00,Transfer,0,Merchant_B,1076
204,899.5686466418084,2023-01-09 11:00:00,Withdrawal,0,Merchant_B,1044
205,610.364769062994,2023-01-09 12:00:00,Transfer,0,Merchant_C,1078
206,19.10508110046335,2023-01-09 13:00:00,Purchase,0,Merchant_B,1019
207,110.45682743737179,2023-01-09 14:00:00,Withdrawal,0,Merchant_C,1063
208,666.8667514169753,2023-01-09 15:00:00,Withdrawal,0,Merchant_D,1092
209,15.0109680077565,2023-01-09 16:00:00,Withdrawal,0,Merchant_A,1092
210,169.19997090332367,2023-01-09 17:00:00,Purchase,0,Merchant_B,1066
211,553.2464514729203,2023-01-09 18:00:00,Purchase,0,Merchant_A,1082
212,694.9762457157664,2023-01-09 19:00:00,Purchase,0,Merchant_B,1002
213,655.4416469075745,2023-01-09 20:00:00,Purchase,0,Merchant_A,1053
214,232.0266163659542,2023-01-09 21:00:00,Purchase,0,Merchant_B,1077
215,715.0574291340605,2023-01-09 22:00:00,Withdrawal,0,Merchant_B,1063
216,244.87659662183208,2023-01-09 23:00:00,Purchase,0,Merchant_B,1039
217,332.14570117767505,2023-01-10 00:00:00,Withdrawal,0,Merchant_B,1058
218,749.0264910668438,2023-01-10 01:00:00,Purchase,0,Merchant_B,1054
219,653.1365700567425,2023-01-10 02:00:00,Transfer,0,Merchant_B,1061
220,850.7311763892361,2023-01-10 03:00:00,Withdrawal,0,Merchant_B,1003
221,661.03676337734,2023-01-10 04:00:00,Transfer,0,Merchant_B,1059
222,572.6255173021169,2023-01-10 05:00:00,Withdrawal,0,Merchant_B,1074
223,102.73802014981155,2023-01-10 06:00:00,Transfer,0,Merchant_A,1094
224,374.0386450288392,2023-01-10 07:00:00,Purchase,0,Merchant_C,1095
225,272.5503440049082,2023-01-10 08:00:00,Purchase,0,Merchant_B,1090
226,251.54974694529275,2023-01-10 09:00:00,Purchase,1,Merchant_C,1029
227,973.2804492049211,2023-01-10 10:00:00,Withdrawal,0,Merchant_B,1001
228,399.1667474200928,2023-01-10 11:00:00,Transfer,0,Merchant_B,1061
229,893.1260896253422,2023-01-10 12:00:00,Purchase,0,Merchant_A,1048
230,634.8272397372903,2023-01-10 13:00:00,Transfer,0,Merchant_D,1008
231,796.863190506232,2023-01-10 14:00:00,Transfer,0,Merchant_D,1091
232,507.61072217414016,2023-01-10 15:00:00,Purchase,0,Merchant_A,1030
233,581.1348457800955,2023-01-10 16:00:00,Purchase,0,Merchant_C,1097
234,497.59251688067525,2023-01-10 17:00:00,Transfer,0,Merchant_D,1060
235,203.29055792006406,2023-01-10 18:00:00,Purchase,0,Merchant_A,1078
236,725.2275941088902,2023-01-10 19:00:00,Purchase,0,Merchant_A,1047
237,287.96463881644723,2023-01-10 20:00:00,Purchase,0,Merchant_D,1024
238,34.0728067671393,2023-01-10 21:00:00,Withdrawal,0,Merchant_C,1035
239,649.0175729480961,2023-01-10 22:00:00,Transfer,0,Merchant_A,1007
240,185.33957261297846,2023-01-10 23:00:00,Transfer,0,Merchant_B,1072
241,941.0539985093851,2023-01-11 00:00:00,Withdrawal,0,Merchant_C,1057
242,954.3892912325615,2023-01-11 01:00:00,Transfer,0,Merchant_C,1044
243,915.715746318244,2023-01-11 02:00:00,Purchase,1,Merchant_D,1061
244,376.45711325288994,2023-01-11 03:00:00,Transfer,0,Merchant_D,1038
245,25.302050363578754,2023-01-11 04:00:00,Purchase,0,Merchant_B,1095
246,929.0353769618481,2023-01-11 05:00:00,Withdrawal,0,Merchant_A,1057
247,433.9023068341412,2023-01-11 06:00:00,Purchase,0,Merchant_D,1080
248,966.9882708532328,2023-01-11 07:00:00,Transfer,0,Merchant_D,1098
249,963.9837773183604,2023-01-11 08:00:00,Transfer,1,Merchant_C,1082
250,854.4793609126865,2023-01-11 09:00:00,Transfer,0,Merchant_D,1063
251,301.5044031488898,2023-01-11 10:00:00,Withdrawal,0,Merchant_D,1043
252,391.246751315906,2023-01-11 11:00:00,Withdrawal,0,Merchant_D,1028
253,852.6253048016883,2023-01-11 12:00:00,Transfer,0,Merchant_D,1058
254,323.75278510471486,2023-01-11 13:00:00,Purchase,0,Merchant_C,1070
255,177.79781921923157,2023-01-11 14:00:00,Withdrawal,0,Merchant_B,1091
256,561.2332498337666,2023-01-11 15:00:00,Transfer,0,Merchant_B,1008
257,936.7932264191732,2023-01-11 16:00:00,Transfer,0,Merchant_A,1091
258,699.0694987082233,2023-01-11 17:00:00,Withdrawal,0,Merchant_D,1005
259,574.3605583884713,2023-01-11 18:00:00,Withdrawal,0,Merchant_C,1028
260,106.20472883306086,2023-01-11 19:00:00,Withdrawal,0,Merchant_A,1057
261,618.857154432178,2023-01-11 20:00:00,Purchase,0,Merchant_A,1016
262,990.1533116032207,2023-01-11 21:00:00,Purchase,0,Merchant_B,1015
263,148.6831750841588,2023-01-11 22:00:00,Transfer,0,Merchant_C,1086
264,523.1463558400993,2023-01-11 23:00:00,Withdrawal,0,Merchant_C,1094
265,878.5993412086759,2023-01-12 00:00:00,Purchase,0,Merchant_C,1002
266,743.3609315766624,2023-01-12 01:00:00,Withdrawal,0,Merchant_B,1020
267,700.0455835853153,2023-01-12 02:00:00,Transfer,0,Merchant_B,1063
268,705.4592431472382,2023-01-12 03:00:00,Purchase,0,Merchant_B,1089
269,365.89623970755764,2023-01-12 04:00:00,Purchase,0,Merchant_B,1035
270,300.6559258218484,2023-01-12 05:00:00,Purchase,0,Merchant_B,1085
271,811.2675439237285,2023-01-12 06:00:00,Transfer,0,Merchant_D,1061
272,812.012260732389,2023-01-12 07:00:00,Withdrawal,0,Merchant_D,1041
273,868.4015953943026,2023-01-12 08:00:00,Purchase,0,Merchant_C,1075
274,914.1081470309066,2023-01-12 09:00:00,Transfer,0,Merchant_A,1041
275,516.2289748723284,2023-01-12 10:00:00,Withdrawal,0,Merchant_C,1060
276,506.5011317403276,2023-01-12 11:00:00,Transfer,0,Merchant_A,1012
277,800.3122271771074,2023-01-12 12:00:00,Withdrawal,0,Merchant_B,1010
278,653.4642914699875,2023-01-12 13:00:00,Transfer,0,Merchant_A,1053
279,704.9472084851263,2023-01-12 14:00:00,Withdrawal,0,Merchant_C,1015
280,797.83474274174,2023-01-12 15:00:00,Purchase,0,Merchant_C,1007
281,891.1052883993906,2023-01-12 16:00:00,Withdrawal,0,Merchant_A,1058
282,344.61520528302043,2023-01-12 17:00:00,Transfer,0,Merchant_D,1056
283,381.8271231135446,2023-01-12 18:00:00,Transfer,0,Merchant_B,1039
284,103.04212044246032,2023-01-12 19:00:00,Withdrawal,0,Merchant_B,1058
285,582.4973395862122,2023-01-12 20:00:00,Purchase,0,Merchant_C,1001
286,45.582851058774665,2023-01-12 21:00:00,Purchase,0,Merchant_D,1093
287,470.94203795113555,2023-01-12 22:00:00,Withdrawal,0,Merchant_A,1093
288,547.2181883605009,2023-01-12 23:00:00,Withdrawal,0,Merchant_B,1075
289,293.67583960700154,2023-01-13 00:00:00,Transfer,0,Merchant_D,1009
290,594.9249279633207,2023-01-13 01:00:00,Purchase,0,Merchant_B,1043
291,40.195247439658935,2023-01-13 02:00:00,Withdrawal,1,Merchant_D,1010
292,46.974706861722275,2023-01-13 03:00:00,Purchase,0,Merchant_D,1078
293,824.3745550530617,2023-01-13 04:00:00,Withdrawal,0,Merchant_C,1079
294,366.58873499715025,2023-01-13 05:00:00,Withdrawal,0,Merchant_B,1080
295,135.78990752536595,2023-01-13 06:00:00,Purchase,0,Merchant_A,1089
296,527.0208274542563,2023-01-13 07:00:00,Withdrawal,0,Merchant_C,1001
297,772.2936175676248,2023-01-13 08:00:00,Withdrawal,0,Merchant_C,1049
298,223.66281722187475,2023-01-13 09:00:00,Transfer,0,Merchant_A,1011
299,626.6615710608103,2023-01-13 10:00:00,Withdrawal,0,Merchant_C,1089
300,94.49399034383032,2023-01-13 11:00:00,Withdrawal,0,Merchant_D,1022
301,61.16490395692162,2023-01-13 12:00:00,Withdrawal,0,Merchant_D,1017
302,536.0410852524665,2023-01-13 13:00:00,Transfer,0,Merchant_B,1061
303,545.2287703940054,2023-01-13 14:00:00,Purchase,0,Merchant_B,1095
304,641.0556024832244,2023-01-13 15:00:00,Transfer,0,Merchant_A,1061
305,728.8304203854349,2023-01-13 16:00:00,Transfer,0,Merchant_B,1037
306,976.0935586679093,2023-01-13 17:00:00,Purchase,0,Merchant_D,1066
307,521.1373448181834,2023-01-13 18:00:00,Transfer,0,Merchant_A,1037
308,329.7269082118335,2023-01-13 19:00:00,Purchase,0,Merchant_A,1066
309,797.2343328210167,2023-01-13 20:00:00,Transfer,0,Merchant_B,1093
310,278.12392874945346,2023-01-13 21:00:00,Purchase,0,Merchant_D,1060
311,444.58170649857976,2023-01-13 22:00:00,Withdrawal,0,Merchant_A,1000
312,87.67181752884329,2023-01-13 23:00:00,Transfer,0,Merchant_D,1093
313,35.09723598130294,2023-01-14 00:00:00,Transfer,0,Merchant_D,1044
314,963.0219305311458,2023-01-14 01:00:00,Transfer,0,Merchant_D,1095
315,837.6203193070837,2023-01-14 02:00:00,Transfer,0,Merchant_B,1027
316,699.014464032761,2023-01-14 03:00:00,Withdrawal,0,Merchant_C,1020
317,414.86341497012717,2023-01-14 04:00:00,Transfer,0,Merchant_C,1012
318,181.5613768701373,2023-01-14 05:00:00,Withdrawal,0,Merchant_A,1026
319,164.8726722443752,2023-01-14 06:00:00,Withdrawal,0,Merchant_D,1099
320,257.74046918294937,2023-01-14 07:00:00,Withdrawal,0,Merchant_B,1006
321,553.7343980590592,2023-01-14 08:00:00,Withdrawal,0,Merchant_D,1021
322,717.4499634730618,2023-01-14 09:00:00,Purchase,0,Merchant_D,1073
323,663.595402950554,2023-01-14 10:00:00,Purchase,0,Merchant_B,1052
324,287.1345579764834,2023-01-14 11:00:00,Transfer,0,Merchant_C,1078
325,955.3166278565621,2023-01-14 12:00:00,Purchase,0,Merchant_D,1078
326,740.5179475288109,2023-01-14 13:00:00,Purchase,0,Merchant_D,1003
327,558.8105119862867,2023-01-14 14:00:00,Transfer,0,Merchant_C,1095
328,615.6035387720087,2023-01-14 15:00:00,Transfer,0,Merchant_B,1022
329,425.40406180351204,2023-01-14 16:00:00,Transfer,0,Merchant_A,1069
330,255.25367960614588,2023-01-14 17:00:00,Purchase,0,Merchant_C,1087
331,362.41295186474895,2023-01-14 18:00:00,Purchase,0,Merchant_A,1083
332,760.2676493597254,2023-01-14 19:00:00,Transfer,0,Merchant_A,1083
333,24.24955374345831,2023-01-14 20:00:00,Withdrawal,1,Merchant_C,1075
334,124.91191410184707,2023-01-14 21:00:00,Transfer,0,Merchant_D,1032
335,55.54261560153522,2023-01-14 22:00:00,Withdrawal,0,Merchant_A,1027
336,50.32151429578043,2023-01-14 23:00:00,Withdrawal,0,Merchant_A,1007
337,856.9059781708971,2023-01-15 00:00:00,Transfer,0,Merchant_B,1000
338,706.6212807862235,2023-01-15 01:00:00,Transfer,0,Merchant_D,1036
339,479.4320907964519,2023-01-15 02:00:00,Transfer,0,Merchant_A,1062
340,106.85581904449147,2023-01-15 03:00:00,Purchase,0,Merchant_B,1021
341,496.699716365664,2023-01-15 04:00:00,Withdrawal,0,Merchant_D,1069
342,478.73705307276003,2023-01-15 05:00:00,Purchase,0,Merchant_C,1020
343,181.46985121091504,2023-01-15 06:00:00,Purchase,0,Merchant_C,1095
344,439.5131327455933,2023-01-15 07:00:00,Transfer,0,Merchant_B,1034
345,404.5196870533997,2023-01-15 08:00:00,Purchase,0,Merchant_C,1078
346,619.6915970716943,2023-01-15 09:00:00,Transfer,0,Merchant_A,1004
347,638.7427143589673,2023-01-15 10:00:00,Withdrawal,0,Merchant_D,1059
348,54.85096967432407,2023-01-15 11:00:00,Transfer,0,Merchant_A,1045
349,380.8664884802065,2023-01-15 12:00:00,Purchase,0,Merchant_A,1049
350,629.601316557094,2023-01-15 13:00:00,Purchase,0,Merchant_C,1047
351,508.10489599428684,2023-01-15 14:00:00,Transfer,0,Merchant_A,1005
352,857.924942776439,2023-01-15 15:00:00,Transfer,0,Merchant_C,1088
353,662.1066953027556,2023-01-15 16:00:00,Purchase,0,Merchant_D,1055
354,171.3050828106154,2023-01-15 17:00:00,Withdrawal,0,Merchant_D,1058
355,79.86305992642555,2023-01-15 18:00:00,Withdrawal,0,Merchant_A,1028
356,645.9950854242525,2023-01-15 19:00:00,Transfer,0,Merchant_B,1070
357,36.24619743620559,2023-01-15 20:00:00,Withdrawal,1,Merchant_C,1076
358,589.9178254607286,2023-01-15 21:00:00,Purchase,0,Merchant_C,1017
359,940.8279390107081,2023-01-15 22:00:00,Transfer,0,Merchant_A,1001
360,579.7194360971201,2023-01-15 23:00:00,Purchase,0,Merchant_C,1007
361,394.2882269444567,2023-01-16 00:00:00,Purchase,0,Merchant_C,1074
362,646.8553362579296,2023-01-16 01:00:00,Withdrawal,0,Merchant_B,1096
363,463.6703615866015,2023-01-16 02:00:00,Transfer,0,Merchant_B,1053
364,550.1606214227755,2023-01-16 03:00:00,Transfer,1,Merchant_A,1037
365,942.0501606887599,2023-01-16 04:00:00,Withdrawal,0,Merchant_B,1047
366,392.2416114227665,2023-01-16 05:00:00,Purchase,0,Merchant_A,1026
367,961.5786581856751,2023-01-16 06:00:00,Purchase,0,Merchant_D,1019
368,906.2971355365031,2023-01-16 07:00:00,Purchase,0,Merchant_A,1011
369,203.83322344140348,2023-01-16 08:00:00,Purchase,0,Merchant_D,1042
370,78.6676878664138,2023-01-16 09:00:00,Transfer,1,Merchant_A,1060
371,109.77022136365238,2023-01-16 10:00:00,Transfer,0,Merchant_C,1030
372,28.03960739503423,2023-01-16 11:00:00,Withdrawal,0,Merchant_B,1090
373,103.49853114836911,2023-01-16 12:00:00,Withdrawal,0,Merchant_D,1095
374,686.1767056821933,2023-01-16 13:00:00,Transfer,0,Merchant_A,1060
375,80.4767619756267,2023-01-16 14:00:00,Transfer,0,Merchant_B,1073
376,325.7858739908237,2023-01-16 15:00:00,Purchase,0,Merchant_A,1066
377,846.42655785976,2023-01-16 16:00:00,Purchase,0,Merchant_B,1090
378,33.03921637846761,2023-01-16 17:00:00,Withdrawal,0,Merchant_B,1034
379,816.3237977630464,2023-01-16 18:00:00,Transfer,0,Merchant_A,1094
380,289.03622702566594,2023-01-16 19:00:00,Withdrawal,0,Merchant_D,1014
381,126.9831793454397,2023-01-16 20:00:00,Transfer,0,Merchant_D,1015
382,699.7697937105091,2023-01-16 21:00:00,Purchase,0,Merchant_C,1012
383,632.6534183120851,2023-01-16 22:00:00,Withdrawal,0,Merchant_B,1034
384,878.6972933917824,2023-01-16 23:00:00,Withdrawal,0,Merchant_C,1074
385,737.720333365847,2023-01-17 00:00:00,Transfer,0,Merchant_C,1058
386,805.4461210810001,2023-01-17 01:00:00,Purchase,0,Merchant_A,1020
387,289.21422684559343,2023-01-17 02:00:00,Withdrawal,0,Merchant_A,1053
388,185.6651483419256,2023-01-17 03:00:00,Purchase,0,Merchant_A,1074
389,753.1086041244497,2023-01-17 04:00:00,Withdrawal,0,Merchant_B,1029
390,808.7663918745914,2023-01-17 05:00:00,Purchase,0,Merchant_A,1047
391,990.6000905806666,2023-01-17 06:00:00,Transfer,0,Merchant_A,1034
392,418.4915001423122,2023-01-17 07:00:00,Withdrawal,0,Merchant_B,1085
393,378.29790493485535,2023-01-17 08:00:00,Withdrawal,0,Merchant_B,1037
394,778.6488311345769,2023-01-17 09:00:00,Purchase,0,Merchant_D,1030
395,347.39550485048767,2023-01-17 10:00:00,Purchase,0,Merchant_A,1077
396,931.449752347529,2023-01-17 11:00:00,Withdrawal,0,Merchant_A,1023
397,859.8286243245817,2023-01-17 12:00:00,Transfer,0,Merchant_A,1048
398,434.70408710126816,2023-01-17 13:00:00,Purchase,0,Merchant_D,1095
399,753.3623571135824,2023-01-17 14:00:00,Purchase,0,Merchant_A,1099
400,756.9974453438356,2023-01-17 15:00:00,Purchase,0,Merchant_D,1031
401,112.09263014757329,2023-01-17 16:00:00,Withdrawal,0,Merchant_C,1054
402,903.527377612771,2023-01-17 17:00:00,Withdrawal,0,Merchant_D,1078
403,510.1998487233786,2023-01-17 18:00:00,Withdrawal,0,Merchant_C,1057
404,828.1928914466642,2023-01-17 19:00:00,Withdrawal,0,Merchant_A,1098
405,326.8491050203056,2023-01-17 20:00:00,Transfer,0,Merchant_C,1002
406,896.5679962112384,2023-01-17 21:00:00,Transfer,0,Merchant_D,1079
407,395.3096619468215,2023-01-17 22:00:00,Withdrawal,0,Merchant_B,1068
408,20.729274965495378,2023-01-17 23:00:00,Transfer,0,Merchant_C,1084
409,906.328156655071,2023-01-18 00:00:00,Purchase,0,Merchant_C,1009
410,100.37381001827222,2023-01-18 01:00:00,Purchase,0,Merchant_A,1082
411,326.12050121451074,2023-01-18 02:00:00,Purchase,0,Merchant_D,1024
412,950.5613473802969,2023-01-18 03:00:00,Withdrawal,0,Merchant_C,1067
413,951.1010754681805,2023-01-18 04:00:00,Purchase,0,Merchant_C,1060
414,577.7035092420532,2023-01-18 05:00:00,Transfer,0,Merchant_C,1028
415,635.5188400481013,2023-01-18 06:00:00,Withdrawal,1,Merchant_C,1018
416,453.96106675853656,2023-01-18 07:00:00,Transfer,0,Merchant_B,1042
417,300.27866398108387,2023-01-18 08:00:00,Purchase,0,Merchant_D,1065
418,335.3778999162168,2023-01-18 09:00:00,Purchase,0,Merchant_A,1073
419,675.7932715162681,2023-01-18 10:00:00,Purchase,0,Merchant_A,1060
420,754.8507841433033,2023-01-18 11:00:00,Withdrawal,0,Merchant_B,1042
421,793.66325328859,2023-01-18 12:00:00,Transfer,0,Merchant_D,1024
422,791.7219613666083,2023-01-18 13:00:00,Withdrawal,0,Merchant_C,1019
423,100.29404201820347,2023-01-18 14:00:00,Withdrawal,0,Merchant_B,1047
424,499.4761016555557,2023-01-18 15:00:00,Purchase,0,Merchant_D,1082
425,66.98317241647784,2023-01-18 16:00:00,Withdrawal,0,Merchant_C,1086
426,554.0335935004982,2023-01-18 17:00:00,Withdrawal,0,Merchant_B,1023
427,447.1151963596432,2023-01-18 18:00:00,Purchase,0,Merchant_D,1010
428,888.8271409307167,2023-01-18 19:00:00,Withdrawal,1,Merchant_A,1097
429,357.4058624265579,2023-01-18 20:00:00,Purchase,0,Merchant_A,1054
430,125.8963462633298,2023-01-18 21:00:00,Purchase,0,Merchant_D,1027
431,151.5617652323075,2023-01-18 22:00:00,Purchase,0,Merchant_A,1068
432,763.8955254002975,2023-01-18 23:00:00,Purchase,0,Merchant_D,1062
433,622.0358826830984,2023-01-19 00:00:00,Withdrawal,0,Merchant_C,1058
434,110.11144936156234,2023-01-19 01:00:00,Purchase,0,Merchant_D,1004
435,93.26573805384746,2023-01-19 02:00:00,Purchase,0,Merchant_C,1050
436,703.9594401445288,2023-01-19 03:00:00,Withdrawal,0,Merchant_B,1020
437,82.03537630055159,2023-01-19 04:00:00,Withdrawal,0,Merchant_D,1011
438,823.6414586974527,2023-01-19 05:00:00,Transfer,0,Merchant_B,1049
439,709.1798048849313,2023-01-19 06:00:00,Withdrawal,0,Merchant_A,1003
440,90.53529283548076,2023-01-19 07:00:00,Withdrawal,0,Merchant_C,1041
441,93.98933694434,2023-01-19 08:00:00,Transfer,0,Merchant_D,1083
442,986.7731827161637,2023-01-19 09:00:00,Withdrawal,0,Merchant_B,1037
443,380.5280877985591,2023-01-19 10:00:00,Withdrawal,0,Merchant_C,1024
444,376.935725596222,2023-01-19 11:00:00,Withdrawal,0,Merchant_C,1013
445,814.6715715849275,2023-01-19 12:00:00,Withdrawal,0,Merchant_A,1074
446,947.7760916100201,2023-01-19 13:00:00,Transfer,1,Merchant_A,1031
447,986.1410531846421,2023-01-19 14:00:00,Withdrawal,0,Merchant_C,1010
448,755.8444034063522,2023-01-19 15:00:00,Withdrawal,0,Merchant_C,1060
449,382.4969896756066,2023-01-19 16:00:00,Transfer,0,Merchant_D,1017
450,92.66570953168208,2023-01-19 17:00:00,Purchase,0,Merchant_C,1026
451,779.3754467681624,2023-01-19 18:00:00,Transfer,0,Merchant_D,1054
452,562.820207238447,2023-01-19 19:00:00,Purchase,0,Merchant_C,1053
453,429.97978915450653,2023-01-19 20:00:00,Transfer,0,Merchant_A,1081
454,907.2908412437886,2023-01-19 21:00:00,Transfer,0,Merchant_D,1086
455,120.08550748308983,2023-01-19 22:00:00,Withdrawal,0,Merchant_B,1074
456,497.6988532479506,2023-01-19 23:00:00,Purchase,0,Merchant_A,1020
457,21.240108319744877,2023-01-20 00:00:00,Withdrawal,0,Merchant_D,1043
458,473.974035574185,2023-01-20 01:00:00,Purchase,0,Merchant_D,1004
459,65.74024292501898,2023-01-20 02:00:00,Transfer,1,Merchant_B,1086
460,127.6297371053912,2023-01-20 03:00:00,Transfer,0,Merchant_D,1040
461,126.35098430933384,2023-01-20 04:00:00,Purchase,1,Merchant_C,1058
462,652.718199094903,2023-01-20 05:00:00,Withdrawal,0,Merchant_B,1088
463,748.5844304727691,2023-01-20 06:00:00,Withdrawal,0,Merchant_A,1053
464,587.535077446188,2023-01-20 07:00:00,Withdrawal,0,Merchant_A,1073
465,962.5508229897965,2023-01-20 08:00:00,Withdrawal,0,Merchant_C,1021
466,381.121873728467,2023-01-20 09:00:00,Transfer,0,Merchant_A,1082
467,292.8549654190421,2023-01-20 10:00:00,Transfer,0,Merchant_D,1064
468,869.9131369075657,2023-01-20 11:00:00,Transfer,0,Merchant_D,1063
469,231.3598801342581,2023-01-20 12:00:00,Transfer,0,Merchant_C,1070
470,963.5903140462052,2023-01-20 13:00:00,Transfer,0,Merchant_A,1003
471,22.03292994291818,2023-01-20 14:00:00,Withdrawal,0,Merchant_A,1064
472,970.1800384405626,2023-01-20 15:00:00,Withdrawal,0,Merchant_C,1014
473,52.728312831070355,2023-01-20 16:00:00,Withdrawal,0,Merchant_B,1075
474,892.2316825610903,2023-01-20 17:00:00,Withdrawal,0,Merchant_A,1021
475,532.4240979954369,2023-01-20 18:00:00,Transfer,0,Merchant_B,1085
476,993.0351481581073,2023-01-20 19:00:00,Transfer,0,Merchant_A,1046
477,83.05859908804487,2023-01-20 20:00:00,Transfer,0,Merchant_A,1080
478,558.3157415573075,2023-01-20 21:00:00,Purchase,0,Merchant_A,1092
479,969.609510262908,2023-01-20 22:00:00,Withdrawal,0,Merchant_A,1045
480,527.8668657284474,2023-01-20 23:00:00,Withdrawal,0,Merchant_D,1013
481,633.1046517539099,2023-01-21 00:00:00,Transfer,0,Merchant_B,1049
482,698.791202094771,2023-01-21 01:00:00,Withdrawal,0,Merchant_B,1019
483,459.9956541200955,2023-01-21 02:00:00,Withdrawal,0,Merchant_A,1049
484,631.2824992832228,2023-01-21 03:00:00,Transfer,0,Merchant_A,1032
485,588.4711688038692,2023-01-21 04:00:00,Purchase,0,Merchant_B,1058
486,902.1464303860791,2023-01-21 05:00:00,Purchase,0,Merchant_D,1042
487,54.99191653804329,2023-01-21 06:00:00,Purchase,0,Merchant_C,1078
488,288.15355769630804,2023-01-21 07:00:00,Transfer,0,Merchant_C,1011
489,950.9073692357931,2023-01-21 08:00:00,Withdrawal,0,Merchant_B,1039
490,891.3611460520071,2023-01-21 09:00:00,Transfer,0,Merchant_A,1019
491,461.1001852578558,2023-01-21 10:00:00,Transfer,0,Merchant_A,1093
492,623.9312718235213,2023-01-21 11:00:00,Withdrawal,0,Merchant_D,1037
493,284.60737115132133,2023-01-21 12:00:00,Purchase,0,Merchant_C,1002
494,196.2399481265237,2023-01-21 13:00:00,Purchase,0,Merchant_D,1027
495,469.0614208905823,2023-01-21 14:00:00,Transfer,0,Merchant_C,1055
496,359.8187057457923,2023-01-21 15:00:00,Purchase,0,Merchant_B,1089
497,587.8195507323634,2023-01-21 16:00:00,Transfer,0,Merchant_C,1093
498,86.957290595335,2023-01-21 17:00:00,Transfer,0,Merchant_D,1012
499,974.6508595895049,2023-01-21 18:00:00,Withdrawal,0,Merchant_D,1076
500,986.3486370348069,2023-01-21 19:00:00,Withdrawal,0,Merchant_D,1065
501,701.1800968795477,2023-01-21 20:00:00,Withdrawal,0,Merchant_B,1036
502,540.7354026806792,2023-01-21 21:00:00,Transfer,1,Merchant_C,1048
503,316.4323401234645,2023-01-21 22:00:00,Withdrawal,0,Merchant_C,1065
504,815.6570695098792,2023-01-21 23:00:00,Purchase,0,Merchant_D,1035
505,687.8838608283405,2023-01-22 00:00:00,Purchase,0,Merchant_C,1053
506,170.9907699514424,2023-01-22 01:00:00,Transfer,0,Merchant_A,1025
507,911.8179126489041,2023-01-22 02:00:00,Transfer,0,Merchant_A,1074
508,824.3118704939372,2023-01-22 03:00:00,Withdrawal,0,Merchant_A,1071
509,950.3019141590048,2023-01-22 04:00:00,Transfer,0,Merchant_C,1039
510,728.4623133044764,2023-01-22 05:00:00,Transfer,0,Merchant_B,1042
511,617.281043976432,2023-01-22 06:00:00,Purchase,0,Merchant_B,1021
512,424.0606059277127,2023-01-22 07:00:00,Purchase,0,Merchant_B,1019
513,933.4011985204731,2023-01-22 08:00:00,Withdrawal,0,Merchant_B,1007
514,867.4032506054043,2023-01-22 09:00:00,Transfer,0,Merchant_A,1028
515,54.76648340512752,2023-01-22 10:00:00,Transfer,0,Merchant_A,1039
516,36.103304752279485,2023-01-22 11:00:00,Purchase,0,Merchant_D,1089
517,382.6987332092691,2023-01-22 12:00:00,Transfer,0,Merchant_C,1029
518,812.4477974740146,2023-01-22 13:00:00,Purchase,0,Merchant_C,1080
519,987.403368021795,2023-01-22 14:00:00,Withdrawal,0,Merchant_B,1083
520,158.9127221924929,2023-01-22 15:00:00,Purchase,0,Merchant_A,1054
521,598.1894081986138,2023-01-22 16:00:00,Transfer,0,Merchant_B,1015
522,387.0819480647113,2023-01-22 17:00:00,Withdrawal,0,Merchant_D,1045
523,970.2152538364571,2023-01-22 18:00:00,Purchase,0,Merchant_C,1061
524,843.6977339043516,2023-01-22 19:00:00,Purchase,0,Merchant_C,1006
525,839.9454176640264,2023-01-22 20:00:00,Withdrawal,0,Merchant_B,1079
526,474.00622819702056,2023-01-22 21:00:00,Withdrawal,0,Merchant_D,1044
527,420.6713073142885,2023-01-22 22:00:00,Purchase,0,Merchant_C,1058
528,280.6730012113992,2023-01-22 23:00:00,Transfer,0,Merchant_D,1055
529,65.81174168441785,2023-01-23 00:00:00,Purchase,0,Merchant_D,1047
530,866.0751524925026,2023-01-23 01:00:00,Withdrawal,0,Merchant_B,1026
531,814.7719990387768,2023-01-23 02:00:00,Purchase,0,Merchant_A,1052
532,999.7204965532693,2023-01-23 03:00:00,Withdrawal,0,Merchant_B,1086
533,996.6704687031663,2023-01-23 04:00:00,Withdrawal,0,Merchant_A,1087
534,559.8773885466012,2023-01-23 05:00:00,Transfer,0,Merchant_D,1072
535,771.2975410287054,2023-01-23 06:00:00,Withdrawal,0,Merchant_A,1034
536,945.3180725836038,2023-01-23 07:00:00,Withdrawal,0,Merchant_D,1050
537,851.1509167706373,2023-01-23 08:00:00,Transfer,1,Merchant_C,1083
538,254.87462072576568,2023-01-23 09:00:00,Withdrawal,0,Merchant_C,1036
539,456.0386939569926,2023-01-23 10:00:00,Transfer,0,Merchant_C,1080
540,137.86782099998004,2023-01-23 11:00:00,Transfer,0,Merchant_B,1094
541,954.5105169861351,2023-01-23 12:00:00,Withdrawal,0,Merchant_B,1056
542,610.1128881063712,2023-01-23 13:00:00,Withdrawal,0,Merchant_D,1007
543,236.3563774484281,2023-01-23 14:00:00,Purchase,0,Merchant_C,1078
544,674.9836775617981,2023-01-23 15:00:00,Transfer,0,Merchant_B,1094
545,621.9469580533168,2023-01-23 16:00:00,Purchase,0,Merchant_C,1093
546,364.5810908525121,2023-01-23 17:00:00,Withdrawal,0,Merchant_B,1019
547,122.42201627763274,2023-01-23 18:00:00,Purchase,0,Merchant_A,1052
548,674.8574636368716,2023-01-23 19:00:00,Transfer,0,Merchant_A,1011
549,525.1046238947554,2023-01-23 20:00:00,Purchase,0,Merchant_C,1048
550,774.5952078182829,2023-01-23 21:00:00,Transfer,1,Merchant_D,1016
551,524.9618661008734,2023-01-23 22:00:00,Withdrawal,0,Merchant_B,1063
552,853.6596853153547,2023-01-23 23:00:00,Withdrawal,0,Merchant_B,1041
553,556.3877703867407,2023-01-24 00:00:00,Transfer,0,Merchant_A,1093
554,565.3285918200324,2023-01-24 01:00:00,Withdrawal,0,Merchant_A,1028
555,877.8870666317616,2023-01-24 02:00:00,Withdrawal,0,Merchant_D,1018
556,409.44803755027306,2023-01-24 03:00:00,Withdrawal,0,Merchant_D,1010
557,142.67507616613432,2023-01-24 04:00:00,Withdrawal,0,Merchant_D,1097
558,38.494849550205586,2023-01-24 05:00:00,Transfer,0,Merchant_C,1049
559,757.5858831168828,2023-01-24 06:00:00,Purchase,0,Merchant_A,1070
560,624.10645583993,2023-01-24 07:00:00,Purchase,0,Merchant_C,1057
561,707.0389704182313,2023-01-24 08:00:00,Withdrawal,0,Merchant_A,1033
562,220.83451989382164,2023-01-24 09:00:00,Purchase,0,Merchant_A,1019
563,145.00776083090207,2023-01-24 10:00:00,Purchase,0,Merchant_B,1049
564,24.399219011203108,2023-01-24 11:00:00,Withdrawal,0,Merchant_A,1087
565,357.081683218531,2023-01-24 12:00:00,Withdrawal,0,Merchant_A,1009
566,594.0185099860868,2023-01-24 13:00:00,Purchase,0,Merchant_C,1031
567,398.321604648735,2023-01-24 14:00:00,Transfer,0,Merchant_A,1051
568,443.1001728034918,2023-01-24 15:00:00,Withdrawal,0,Merchant_C,1014
569,905.117107548811,2023-01-24 16:00:00,Transfer,0,Merchant_D,1083
570,354.77291235306734,2023-01-24 17:00:00,Purchase,0,Merchant_A,1002
571,518.8495942682127,2023-01-24 18:00:00,Withdrawal,0,Merchant_A,1036
572,785.8164826137316,2023-01-24 19:00:00,Transfer,0,Merchant_C,1039
573,402.57735449805745,2023-01-24 20:00:00,Withdrawal,0,Merchant_D,1071
574,625.8658332255948,2023-01-24 21:00:00,Purchase,0,Merchant_B,1039
575,863.7400716592778,2023-01-24 22:00:00,Transfer,0,Merchant_D,1055
576,950.0254174210656,2023-01-24 23:00:00,Purchase,0,Merchant_C,1022
577,155.60274611974756,2023-01-25 00:00:00,Purchase,0,Merchant_D,1010
578,927.3217489098795,2023-01-25 01:00:00,Withdrawal,0,Merchant_C,1063
579,497.1951301487428,2023-01-25 02:00:00,Transfer,0,Merchant_C,1007
580,265.6619444159688,2023-01-25 03:00:00,Purchase,1,Merchant_B,1092
581,464.5443986758787,2023-01-25 04:00:00,Purchase,0,Merchant_A,1093
582,980.2322495326223,2023-01-25 05:00:00,Transfer,0,Merchant_C,1055
583,497.6919130529409,2023-01-25 06:00:00,Purchase,0,Merchant_C,1059
584,335.46409418463315,2023-01-25 07:00:00,Purchase,0,Merchant_B,1009
585,637.0668457735585,2023-01-25 08:00:00,Transfer,0,Merchant_C,1038
586,247.74416259041115,2023-01-25 09:00:00,Transfer,0,Merchant_A,1027
587,85.10469482757728,2023-01-25 10:00:00,Transfer,0,Merchant_B,1048
588,137.59092469154274,2023-01-25 11:00:00,Transfer,0,Merchant_A,1035
589,136.7653805681947,2023-01-25 12:00:00,Withdrawal,0,Merchant_A,1012
590,160.3836665771714,2023-01-25 13:00:00,Transfer,0,Merchant_B,1095
591,147.43890092291605,2023-01-25 14:00:00,Withdrawal,0,Merchant_C,1035
592,644.4659973551825,2023-01-25 15:00:00,Withdrawal,0,Merchant_A,1025
593,190.06128355515338,2023-01-25 16:00:00,Withdrawal,0,Merchant_A,1085
594,352.21061049062456,2023-01-25 17:00:00,Purchase,0,Merchant_A,1003
595,897.8205258069518,2023-01-25 18:00:00,Withdrawal,0,Merchant_A,1094
596,479.2220238602436,2023-01-25 19:00:00,Withdrawal,0,Merchant_B,1081
597,670.8821611358169,2023-01-25 20:00:00,Purchase,0,Merchant_B,1063
598,180.59667248961352,2023-01-25 21:00:00,Purchase,0,Merchant_D,1037
599,200.36612862058408,2023-01-25 22:00:00,Purchase,0,Merchant_D,1087
600,50.459930103814074,2023-01-25 23:00:00,Transfer,0,Merchant_A,1086
601,177.2457124414429,2023-01-26 00:00:00,Purchase,0,Merchant_C,1021
602,285.80443564163903,2023-01-26 01:00:00,Purchase,0,Merchant_A,1001
603,185.24037943397934,2023-01-26 02:00:00,Withdrawal,0,Merchant_C,1030
604,97.81550841948506,2023-01-26 03:00:00,Purchase,0,Merchant_A,1010
605,129.4295123895948,2023-01-26 04:00:00,Transfer,0,Merchant_D,1091
606,466.1709803523985,2023-01-26 05:00:00,Purchase,0,Merchant_D,1045
607,214.2703812217346,2023-01-26 06:00:00,Transfer,0,Merchant_C,1095
608,370.62716243759473,2023-01-26 07:00:00,Purchase,0,Merchant_A,1061
609,508.3830981463083,2023-01-26 08:00:00,Purchase,0,Merchant_C,1068
610,693.4908803430717,2023-01-26 09:00:00,Purchase,0,Merchant_D,1063
611,48.91901844268795,2023-01-26 10:00:00,Purchase,1,Merchant_A,1009
612,801.4162949199522,2023-01-26 11:00:00,Transfer,0,Merchant_A,1039
613,631.6213855959987,2023-01-26 12:00:00,Transfer,0,Merchant_C,1023
614,90.94144162938319,2023-01-26 13:00:00,Withdrawal,0,Merchant_B,1098
615,874.8428378657095,2023-01-26 14:00:00,Transfer,0,Merchant_C,1043
616,921.663676526495,2023-01-26 15:00:00,Purchase,0,Merchant_D,1059
617,70.46718025631512,2023-01-26 16:00:00,Withdrawal,0,Merchant_D,1061
618,284.10887166573167,2023-01-26 17:00:00,Withdrawal,0,Merchant_D,1086
619,808.1392669951307,2023-01-26 18:00:00,Withdrawal,0,Merchant_D,1016
620,750.7770934798218,2023-01-26 19:00:00,Purchase,0,Merchant_D,1064
621,192.67580916281355,2023-01-26 20:00:00,Transfer,0,Merchant_B,1094
622,217.2558301033432,2023-01-26 21:00:00,Purchase,0,Merchant_A,1094
623,376.76738176346817,2023-01-26 22:00:00,Withdrawal,1,Merchant_C,1056
624,489.6777553391111,2023-01-26 23:00:00,Purchase,0,Merchant_C,1054
625,622.072223814993,2023-01-27 00:00:00,Purchase,0,Merchant_D,1052
626,375.2245031740747,2023-01-27 01:00:00,Transfer,0,Merchant_C,1055
627,467.90936897181643,2023-01-27 02:00:00,Transfer,0,Merchant_D,1097
628,749.9962287524189,2023-01-27 03:00:00,Withdrawal,0,Merchant_B,1008
629,46.31637086169192,2023-01-27 04:00:00,Purchase,0,Merchant_B,1021
630,259.9125749005806,2023-01-27 05:00:00,Purchase,0,Merchant_A,1012
631,716.2160900257069,2023-01-27 06:00:00,Transfer,0,Merchant_B,1088
632,896.2547693103273,2023-01-27 07:00:00,Purchase,0,Merchant_B,1047
633,516.5606676945094,2023-01-27 08:00:00,Purchase,0,Merchant_A,1017
634,536.7923504126625,2023-01-27 09:00:00,Purchase,0,Merchant_C,1075
635,116.10029122637829,2023-01-27 10:00:00,Transfer,0,Merchant_D,1039
636,452.9382431552201,2023-01-27 11:00:00,Withdrawal,0,Merchant_D,1016
637,537.2910937904729,2023-01-27 12:00:00,Withdrawal,0,Merchant_C,1014
638,250.04579859838236,2023-01-27 13:00:00,Purchase,0,Merchant_A,1014
639,276.55079863988715,2023-01-27 14:00:00,Withdrawal,0,Merchant_C,1078
640,383.5113214735764,2023-01-27 15:00:00,Transfer,0,Merchant_B,1062
641,29.870485799949105,2023-01-27 16:00:00,Transfer,0,Merchant_A,1038
642,328.8583739273465,2023-01-27 17:00:00,Withdrawal,0,Merchant_A,1012
643,219.3335269265792,2023-01-27 18:00:00,Withdrawal,0,Merchant_A,1080
644,334.2223786561355,2023-01-27 19:00:00,Purchase,0,Merchant_D,1031
645,128.5645105010587,2023-01-27 20:00:00,Withdrawal,0,Merchant_C,1008
646,891.622007932496,2023-01-27 21:00:00,Purchase,0,Merchant_A,1039
647,597.6565290185082,2023-01-27 22:00:00,Purchase,0,Merchant_A,1019
648,682.3112959530447,2023-01-27 23:00:00,Transfer,0,Merchant_A,1089
649,791.2795262212649,2023-01-28 00:00:00,Transfer,0,Merchant_C,1090
650,503.4577769397667,2023-01-28 01:00:00,Transfer,0,Merchant_D,1084
651,96.05108520654946,2023-01-28 02:00:00,Transfer,1,Merchant_B,1081
652,541.7354764003622,2023-01-28 03:00:00,Withdrawal,0,Merchant_D,1076
653,590.9727068406703,2023-01-28 04:00:00,Transfer,0,Merchant_A,1079
654,747.9850794424867,2023-01-28 05:00:00,Withdrawal,0,Merchant_D,1072
655,437.3429507673826,2023-01-28 06:00:00,Transfer,0,Merchant_D,1062
656,136.30449976760812,2023-01-28 07:00:00,Withdrawal,0,Merchant_B,1075
657,290.93814674073724,2023-01-28 08:00:00,Purchase,0,Merchant_C,1043
658,369.45147343464873,2023-01-28 09:00:00,Withdrawal,0,Merchant_C,1037
659,649.4580689182852,2023-01-28 10:00:00,Withdrawal,0,Merchant_D,1082
660,575.0705216222227,2023-01-28 11:00:00,Transfer,0,Merchant_D,1059
661,362.5357586388678,2023-01-28 12:00:00,Withdrawal,0,Merchant_C,1070
662,986.6500963050499,2023-01-28 13:00:00,Purchase,1,Merchant_C,1098
663,609.7170711633182,2023-01-28 14:00:00,Purchase,0,Merchant_B,1047
664,244.85452381863453,2023-01-28 15:00:00,Transfer,0,Merchant_A,1017
665,110.7646478941997,2023-01-28 16:00:00,Purchase,0,Merchant_D,1015
666,161.33054779248872,2023-01-28 17:00:00,Withdrawal,0,Merchant_C,1054
667,253.49815110066305,2023-01-28 18:00:00,Purchase,0,Merchant_D,1038
668,169.07455952696012,2023-01-28 19:00:00,Transfer,0,Merchant_D,1067
669,194.7013538107927,2023-01-28 20:00:00,Withdrawal,0,Merchant_C,1058
670,292.2442170069086,2023-01-28 21:00:00,Transfer,0,Merchant_B,1088
671,181.63985934180727,2023-01-28 22:00:00,Withdrawal,0,Merchant_D,1095
672,897.797770380161,2023-01-28 23:00:00,Purchase,0,Merchant_B,1061
673,89.43140820502579,2023-01-29 00:00:00,Transfer,0,Merchant_C,1012
674,529.2662756745522,2023-01-29 01:00:00,Transfer,0,Merchant_A,1080
675,416.2928587197649,2023-01-29 02:00:00,Withdrawal,0,Merchant_A,1005
676,982.5548307395203,2023-01-29 03:00:00,Transfer,0,Merchant_D,1082
677,120.91851314637182,2023-01-29 04:00:00,Withdrawal,0,Merchant_C,1076
678,403.8770430552842,2023-01-29 05:00:00,Withdrawal,0,Merchant_B,1059
679,969.7757289426152,2023-01-29 06:00:00,Withdrawal,0,Merchant_D,1089
680,866.8520546350404,2023-01-29 07:00:00,Withdrawal,0,Merchant_C,1013
681,818.9013502397871,2023-01-29 08:00:00,Purchase,0,Merchant_C,1094
682,265.32379877449046,2023-01-29 09:00:00,Withdrawal,0,Merchant_B,1053
683,179.17871151616515,2023-01-29 10:00:00,Transfer,0,Merchant_D,1003
684,671.9567877251867,2023-01-29 11:00:00,Purchase,0,Merchant_C,1038
685,930.0822292363099,2023-01-29 12:00:00,Transfer,0,Merchant_C,1071
686,561.1952640837904,2023-01-29 13:00:00,Purchase,0,Merchant_C,1024
687,575.8965625752008,2023-01-29 14:00:00,Withdrawal,0,Merchant_B,1076
688,287.1793027236813,2023-01-29 15:00:00,Purchase,0,Merchant_D,1031
689,771.7980038600175,2023-01-29 16:00:00,Purchase,0,Merchant_D,1058
690,195.17331107194815,2023-01-29 17:00:00,Transfer,0,Merchant_D,1062
691,330.4424440402012,2023-01-29 18:00:00,Transfer,0,Merchant_D,1037
692,431.1820742302526,2023-01-29 19:00:00,Withdrawal,0,Merchant_A,1091
693,512.5342748976104,2023-01-29 20:00:00,Purchase,0,Merchant_A,1052
694,249.98563509092943,2023-01-29 21:00:00,Purchase,0,Merchant_D,1093
695,123.68845649181151,2023-01-29 22:00:00,Purchase,0,Merchant_B,1066
696,614.5138420172162,2023-01-29 23:00:00,Withdrawal,0,Merchant_A,1027
697,295.7442477078532,2023-01-30 00:00:00,Withdrawal,0,Merchant_C,1002
698,585.4258392083862,2023-01-30 01:00:00,Withdrawal,0,Merchant_A,1097
699,162.81908812146028,2023-01-30 02:00:00,Withdrawal,0,Merchant_C,1079
700,486.3287008362693,2023-01-30 03:00:00,Withdrawal,0,Merchant_D,1021
701,537.26353822607,2023-01-30 04:00:00,Transfer,0,Merchant_A,1095
702,61.30530145420264,2023-01-30 05:00:00,Purchase,0,Merchant_B,1037
703,343.23823541198135,2023-01-30 06:00:00,Purchase,0,Merchant_A,1071
704,143.0705301695845,2023-01-30 07:00:00,Purchase,0,Merchant_A,1071
705,72.74122076804007,2023-01-30 08:00:00,Purchase,0,Merchant_A,1061
706,990.0606300660457,2023-01-30 09:00:00,Purchase,0,Merchant_D,1056
707,329.13030652497577,2023-01-30 10:00:00,Purchase,0,Merchant_B,1005
708,811.7757013960885,2023-01-30 11:00:00,Purchase,0,Merchant_A,1077
709,262.0942482161262,2023-01-30 12:00:00,Purchase,0,Merchant_B,1031
710,684.68769500169,2023-01-30 13:00:00,Transfer,0,Merchant_D,1098
711,762.6255812907897,2023-01-30 14:00:00,Purchase,0,Merchant_C,1009
712,599.6823532017659,2023-01-30 15:00:00,Transfer,0,Merchant_A,1002
713,476.8604266646568,2023-01-30 16:00:00,Withdrawal,0,Merchant_B,1058
714,417.7225050057958,2023-01-30 17:00:00,Purchase,0,Merchant_B,1075
715,355.3795838775653,2023-01-30 18:00:00,Withdrawal,0,Merchant_D,1048
716,930.2338528053476,2023-01-30 19:00:00,Withdrawal,0,Merchant_A,1058
717,832.3132137098519,2023-01-30 20:00:00,Withdrawal,0,Merchant_C,1030
718,965.3766415598475,2023-01-30 21:00:00,Transfer,0,Merchant_B,1092
719,133.05425125068928,2023-01-30 22:00:00,Withdrawal,0,Merchant_A,1068
720,733.5588004516078,2023-01-30 23:00:00,Withdrawal,0,Merchant_C,1061
721,938.9570522528275,2023-01-31 00:00:00,Withdrawal,0,Merchant_B,1051
722,189.42073550400355,2023-01-31 01:00:00,Purchase,0,Merchant_B,1088
723,75.83130469310971,2023-01-31 02:00:00,Purchase,0,Merchant_C,1040
724,743.7094427971584,2023-01-31 03:00:00,Transfer,0,Merchant_C,1030
725,578.7283820481127,2023-01-31 04:00:00,Transfer,0,Merchant_D,1084
726,843.4104889906894,2023-01-31 05:00:00,Purchase,0,Merchant_A,1083
727,148.3746528600266,2023-01-31 06:00:00,Transfer,0,Merchant_A,1021
728,797.3146387412913,2023-01-31 07:00:00,Purchase,0,Merchant_D,1003
729,209.6110468472671,2023-01-31 08:00:00,Withdrawal,0,Merchant_B,1012
730,172.01938343704745,2023-01-31 09:00:00,Withdrawal,0,Merchant_C,1044
731,172.62313995168302,2023-01-31 10:00:00,Transfer,0,Merchant_C,1041
732,816.4289730290683,2023-01-31 11:00:00,Purchase,0,Merchant_C,1048
733,668.5452484892381,2023-01-31 12:00:00,Purchase,0,Merchant_B,1019
734,527.8347705214281,2023-01-31 13:00:00,Transfer,0,Merchant_C,1076
735,365.24217928226744,2023-01-31 14:00:00,Purchase,0,Merchant_C,1080
736,878.4285354049772,2023-01-31 15:00:00,Withdrawal,0,Merchant_D,1053
737,398.52065634840903,2023-01-31 16:00:00,Transfer,0,Merchant_B,1035
738,818.4334450768613,2023-01-31 17:00:00,Transfer,0,Merchant_A,1096
739,444.74355948451625,2023-01-31 18:00:00,Purchase,0,Merchant_D,1000
740,383.1749851306585,2023-01-31 19:00:00,Transfer,0,Merchant_D,1014
741,468.0529878129104,2023-01-31 20:00:00,Purchase,0,Merchant_A,1076
742,308.36409542250067,2023-01-31 21:00:00,Purchase,0,Merchant_D,1016
743,750.1332863744886,2023-01-31 22:00:00,Purchase,0,Merchant_B,1023
744,507.6931861915544,2023-01-31 23:00:00,Purchase,0,Merchant_C,1057
745,239.89056819534912,2023-02-01 00:00:00,Purchase,1,Merchant_B,1071
746,900.5788275418228,2023-02-01 01:00:00,Transfer,0,Merchant_A,1090
747,390.0523091594793,2023-02-01 02:00:00,Withdrawal,0,Merchant_A,1022
748,548.1173325028487,2023-02-01 03:00:00,Withdrawal,0,Merchant_D,1045
749,907.4073898549015,2023-02-01 04:00:00,Transfer,0,Merchant_B,1071
750,627.9956159548522,2023-02-01 05:00:00,Transfer,0,Merchant_B,1007
751,125.72906030128043,2023-02-01 06:00:00,Withdrawal,0,Merchant_A,1058
752,940.4338023773404,2023-02-01 07:00:00,Withdrawal,1,Merchant_B,1089
753,631.4309725407037,2023-02-01 08:00:00,Withdrawal,0,Merchant_A,1058
754,341.5565585105153,2023-02-01 09:00:00,Withdrawal,0,Merchant_B,1012
755,147.87935193675338,2023-02-01 10:00:00,Withdrawal,0,Merchant_B,1038
756,796.0849373775931,2023-02-01 11:00:00,Purchase,0,Merchant_B,1027
757,623.8720283692284,2023-02-01 12:00:00,Transfer,0,Merchant_A,1088
758,538.1264810565583,2023-02-01 13:00:00,Purchase,0,Merchant_D,1060
759,894.9536572204481,2023-02-01 14:00:00,Withdrawal,0,Merchant_B,1015
760,790.7112391122854,2023-02-01 15:00:00,Withdrawal,0,Merchant_A,1001
761,160.15813093542366,2023-02-01 16:00:00,Withdrawal,0,Merchant_A,1081
762,318.6048471175927,2023-02-01 17:00:00,Purchase,0,Merchant_B,1016
763,256.00424841632105,2023-02-01 18:00:00,Purchase,0,Merchant_B,1029
764,746.5068296469502,2023-02-01 19:00:00,Withdrawal,1,Merchant_D,1012
765,43.197110388421585,2023-02-01 20:00:00,Purchase,0,Merchant_A,1095
766,574.1907880226033,2023-02-01 21:00:00,Purchase,0,Merchant_A,1092
767,764.8340988832837,2023-02-01 22:00:00,Withdrawal,0,Merchant_C,1093
768,877.997980394132,2023-02-01 23:00:00,Purchase,0,Merchant_A,1081
769,348.6609312287484,2023-02-02 00:00:00,Transfer,1,Merchant_D,1012
770,823.0447316252927,2023-02-02 01:00:00,Transfer,0,Merchant_C,1042
771,119.52541958565516,2023-02-02 02:00:00,Transfer,1,Merchant_C,1084
772,847.987768817173,2023-02-02 03:00:00,Transfer,0,Merchant_C,1093
773,136.21377570866258,2023-02-02 04:00:00,Withdrawal,0,Merchant_B,1020
774,403.3144176547636,2023-02-02 05:00:00,Withdrawal,0,Merchant_B,1054
775,799.3224121217581,2023-02-02 06:00:00,Withdrawal,0,Merchant_A,1080
776,158.41825307528603,2023-02-02 07:00:00,Transfer,0,Merchant_C,1039
777,236.95888128031507,2023-02-02 08:00:00,Transfer,0,Merchant_D,1082
778,725.0300427091356,2023-02-02 09:00:00,Purchase,0,Merchant_B,1014
779,722.8361711806136,2023-02-02 10:00:00,Purchase,0,Merchant_D,1072
780,644.7361565564444,2023-02-02 11:00:00,Transfer,0,Merchant_D,1051
781,697.008960022429,2023-02-02 12:00:00,Transfer,0,Merchant_B,1073
782,547.2971989141203,2023-02-02 13:00:00,Transfer,0,Merchant_B,1094
783,259.28106831788324,2023-02-02 14:00:00,Transfer,0,Merchant_B,1052
784,352.23903356888025,2023-02-02 15:00:00,Purchase,0,Merchant_B,1086
785,189.7817396334114,2023-02-02 16:00:00,Transfer,0,Merchant_C,1051
786,909.366055720292,2023-02-02 17:00:00,Purchase,0,Merchant_C,1029
787,587.5578768184592,2023-02-02 18:00:00,Transfer,0,Merchant_C,1032
788,406.8429025960035,2023-02-02 19:00:00,Transfer,1,Merchant_C,1056
789,467.3857456076914,2023-02-02 20:00:00,Transfer,0,Merchant_A,1051
790,947.8105062156972,2023-02-02 21:00:00,Purchase,0,Merchant_C,1008
791,161.8178890849194,2023-02-02 22:00:00,Purchase,0,Merchant_B,1053
792,590.3675336966293,2023-02-02 23:00:00,Withdrawal,0,Merchant_D,1000
793,510.8297920956213,2023-02-03 00:00:00,Transfer,0,Merchant_C,1043
794,615.3396930803013,2023-02-03 01:00:00,Withdrawal,0,Merchant_A,1098
795,27.929081982632102,2023-02-03 02:00:00,Withdrawal,0,Merchant_B,1074
796,873.40266985471,2023-02-03 03:00:00,Purchase,0,Merchant_D,1097
797,932.7970996587762,2023-02-03 04:00:00,Purchase,1,Merchant_D,1079
798,569.4818517533168,2023-02-03 05:00:00,Withdrawal,0,Merchant_C,1008
799,699.6843156381233,2023-02-03 06:00:00,Transfer,0,Merchant_D,1031
800,923.2743873655228,2023-02-03 07:00:00,Purchase,0,Merchant_C,1014
801,710.1662479702646,2023-02-03 08:00:00,Transfer,0,Merchant_C,1011
802,161.01365248511874,2023-02-03 09:00:00,Transfer,0,Merchant_B,1096
803,580.525476565145,2023-02-03 10:00:00,Withdrawal,0,Merchant_B,1077
804,610.6478959190273,2023-02-03 11:00:00,Withdrawal,0,Merchant_A,1056
805,429.8893645893622,2023-02-03 12:00:00,Withdrawal,0,Merchant_B,1007
806,739.0797932684756,2023-02-03 13:00:00,Withdrawal,0,Merchant_B,1071
807,935.0233446213247,2023-02-03 14:00:00,Purchase,0,Merchant_C,1026
808,926.3128277777085,2023-02-03 15:00:00,Purchase,1,Merchant_B,1061
809,456.3309776900908,2023-02-03 16:00:00,Withdrawal,0,Merchant_C,1011
810,122.1056653823477,2023-02-03 17:00:00,Purchase,0,Merchant_C,1064
811,984.9927869727112,2023-02-03 18:00:00,Withdrawal,0,Merchant_B,1041
812,840.5091055814747,2023-02-03 19:00:00,Transfer,0,Merchant_A,1061
813,133.41605439123418,2023-02-03 20:00:00,Transfer,0,Merchant_A,1010
814,921.6334637911986,2023-02-03 21:00:00,Transfer,0,Merchant_D,1042
815,871.197398441507,2023-02-03 22:00:00,Withdrawal,0,Merchant_D,1094
816,523.6496765548114,2023-02-03 23:00:00,Transfer,0,Merchant_B,1016
817,595.3626813874799,2023-02-04 00:00:00,Purchase,0,Merchant_A,1096
818,405.01267683142896,2023-02-04 01:00:00,Transfer,0,Merchant_C,1031
819,64.21402243381101,2023-02-04 02:00:00,Transfer,0,Merchant_D,1092
820,341.8452692294419,2023-02-04 03:00:00,Transfer,0,Merchant_C,1084
821,804.8249141120314,2023-02-04 04:00:00,Purchase,0,Merchant_D,1084
822,14.58570277455683,2023-02-04 05:00:00,Withdrawal,1,Merchant_B,1039
823,340.16417997423275,2023-02-04 06:00:00,Purchase,0,Merchant_A,1022
824,404.1870066550339,2023-02-04 07:00:00,Withdrawal,0,Merchant_D,1055
825,542.0216469085436,2023-02-04 08:00:00,Withdrawal,0,Merchant_A,1005
826,920.6570602486329,2023-02-04 09:00:00,Transfer,0,Merchant_C,1085
827,352.88253442230166,2023-02-04 10:00:00,Withdrawal,0,Merchant_B,1049
828,353.4836698772654,2023-02-04 11:00:00,Purchase,0,Merchant_A,1036
829,740.1262356286509,2023-02-04 12:00:00,Purchase,0,Merchant_B,1063
830,457.6957614809091,2023-02-04 13:00:00,Withdrawal,0,Merchant_A,1053
831,232.35877471058214,2023-02-04 14:00:00,Transfer,0,Merchant_C,1071
832,457.9151209713665,2023-02-04 15:00:00,Transfer,0,Merchant_C,1048
833,149.44845017600187,2023-02-04 16:00:00,Purchase,0,Merchant_B,1098
834,184.62311664116106,2023-02-04 17:00:00,Transfer,0,Merchant_C,1010
835,503.38409501208497,2023-02-04 18:00:00,Withdrawal,1,Merchant_D,1087
836,424.7361950095024,2023-02-04 19:00:00,Withdrawal,0,Merchant_A,1048
837,915.697442057419,2023-02-04 20:00:00,Purchase,0,Merchant_C,1020
838,368.76996012546675,2023-02-04 21:00:00,Withdrawal,0,Merchant_D,1065
839,584.7824667752631,2023-02-04 22:00:00,Purchase,0,Merchant_B,1062
840,635.9416450403351,2023-02-04 23:00:00,Withdrawal,1,Merchant_D,1082
841,22.9635120224503,2023-02-05 00:00:00,Purchase,0,Merchant_B,1027
842,666.9019982965435,2023-02-05 01:00:00,Transfer,0,Merchant_B,1016
843,186.25560720105392,2023-02-05 02:00:00,Withdrawal,0,Merchant_A,1005
844,961.4596142947606,2023-02-05 03:00:00,Withdrawal,0,Merchant_A,1018
845,157.17610047558182,2023-02-05 04:00:00,Purchase,0,Merchant_D,1055
846,420.4778824897535,2023-02-05 05:00:00,Purchase,0,Merchant_A,1027
847,94.49617139785742,2023-02-05 06:00:00,Withdrawal,0,Merchant_A,1065
848,996.9055093274878,2023-02-05 07:00:00,Purchase,0,Merchant_A,1037
849,507.17306022793014,2023-02-05 08:00:00,Withdrawal,0,Merchant_D,1036
850,599.4311671468433,2023-02-05 09:00:00,Transfer,0,Merchant_C,1067
851,76.4057126145432,2023-02-05 10:00:00,Purchase,0,Merchant_A,1085
852,752.460865695186,2023-02-05 11:00:00,Withdrawal,0,Merchant_A,1089
853,217.8065371646299,2023-02-05 12:00:00,Transfer,0,Merchant_D,1048
854,899.0737465463067,2023-02-05 13:00:00,Transfer,0,Merchant_C,1042
855,213.08824407718708,2023-02-05 14:00:00,Withdrawal,0,Merchant_A,1035
856,198.7808434570299,2023-02-05 15:00:00,Purchase,0,Merchant_B,1057
857,46.18417116961393,2023-02-05 16:00:00,Withdrawal,0,Merchant_D,1012
858,477.34627565889923,2023-02-05 17:00:00,Transfer,0,Merchant_A,1051
859,569.1927219299903,2023-02-05 18:00:00,Withdrawal,0,Merchant_A,1057
860,75.05155303406885,2023-02-05 19:00:00,Purchase,0,Merchant_B,1031
861,777.7723405280605,2023-02-05 20:00:00,Transfer,0,Merchant_B,1080
862,458.7559464005473,2023-02-05 21:00:00,Withdrawal,0,Merchant_D,1099
863,529.1463666343043,2023-02-05 22:00:00,Purchase,0,Merchant_D,1059
864,446.3551194688459,2023-02-05 23:00:00,Transfer,1,Merchant_B,1082
865,406.7554302665727,2023-02-06 00:00:00,Purchase,0,Merchant_D,1057
866,564.0439279951357,2023-02-06 01:00:00,Transfer,1,Merchant_B,1098
867,163.6878434714054,2023-02-06 02:00:00,Withdrawal,0,Merchant_A,1055
868,190.1088491903184,2023-02-06 03:00:00,Purchase,0,Merchant_B,1027
869,863.1677648033822,2023-02-06 04:00:00,Transfer,0,Merchant_B,1000
870,946.6543075122964,2023-02-06 05:00:00,Purchase,0,Merchant_C,1041
871,379.5762231169554,2023-02-06 06:00:00,Purchase,0,Merchant_B,1081
872,278.03722641211823,2023-02-06 07:00:00,Withdrawal,0,Merchant_B,1047
873,647.5595478066256,2023-02-06 08:00:00,Purchase,0,Merchant_C,1039
874,414.6468293871154,2023-02-06 09:00:00,Transfer,0,Merchant_D,1096
875,35.13249210374141,2023-02-06 10:00:00,Transfer,0,Merchant_C,1062
876,164.59107139252845,2023-02-06 11:00:00,Transfer,0,Merchant_A,1075
877,718.8125065589236,2023-02-06 12:00:00,Transfer,0,Merchant_C,1071
878,662.3347024910498,2023-02-06 13:00:00,Withdrawal,0,Merchant_A,1087
879,36.825032578448656,2023-02-06 14:00:00,Purchase,0,Merchant_D,1079
880,229.75244031361996,2023-02-06 15:00:00,Withdrawal,0,Merchant_C,1003
881,238.76404862219067,2023-02-06 16:00:00,Purchase,0,Merchant_C,1037
882,675.1738161627411,2023-02-06 17:00:00,Purchase,0,Merchant_D,1026
883,29.513432376820514,2023-02-06 18:00:00,Purchase,0,Merchant_A,1008
884,113.06749616472811,2023-02-06 19:00:00,Withdrawal,0,Merchant_C,1015
885,801.9169245194574,2023-02-06 20:00:00,Purchase,0,Merchant_A,1055
886,186.75921543379027,2023-02-06 21:00:00,Withdrawal,0,Merchant_C,1075
887,656.218646773356,2023-02-06 22:00:00,Transfer,0,Merchant_B,1030
888,245.80095323625926,2023-02-06 23:00:00,Transfer,0,Merchant_C,1087
889,108.44697883175171,2023-02-07 00:00:00,Purchase,0,Merchant_D,1013
890,250.74046908945954,2023-02-07 01:00:00,Withdrawal,0,Merchant_D,1024
891,725.0442625371026,2023-02-07 02:00:00,Transfer,0,Merchant_A,1033
892,857.1395034252229,2023-02-07 03:00:00,Withdrawal,1,Merchant_C,1066
893,831.9176659213217,2023-02-07 04:00:00,Withdrawal,0,Merchant_A,1023
894,403.21169432227026,2023-02-07 05:00:00,Purchase,0,Merchant_A,1072
895,671.4042852049397,2023-02-07 06:00:00,Transfer,0,Merchant_B,1025
896,212.93445246166277,2023-02-07 07:00:00,Purchase,0,Merchant_B,1019
897,300.2162529584031,2023-02-07 08:00:00,Purchase,0,Merchant_D,1063
898,897.3724603359086,2023-02-07 09:00:00,Transfer,0,Merchant_A,1009
899,22.871904275628673,2023-02-07 10:00:00,Transfer,0,Merchant_D,1082
900,94.6534455459234,2023-02-07 11:00:00,Withdrawal,0,Merchant_C,1066
901,215.80739259456703,2023-02-07 12:00:00,Transfer,0,Merchant_A,1023
902,36.26688183508152,2023-02-07 13:00:00,Withdrawal,0,Merchant_A,1004
903,189.62108073889934,2023-02-07 14:00:00,Withdrawal,0,Merchant_C,1066
904,587.2111453599953,2023-02-07 15:00:00,Withdrawal,0,Merchant_C,1057
905,427.210305086573,2023-02-07 16:00:00,Transfer,0,Merchant_D,1026
906,893.7449939662051,2023-02-07 17:00:00,Purchase,0,Merchant_D,1079
907,819.2691261210565,2023-02-07 18:00:00,Withdrawal,0,Merchant_C,1014
908,348.3991781808972,2023-02-07 19:00:00,Purchase,0,Merchant_D,1034
909,266.82919909697955,2023-02-07 20:00:00,Purchase,0,Merchant_C,1075
910,385.89548408559426,2023-02-07 21:00:00,Transfer,0,Merchant_A,1052
911,594.3919930896596,2023-02-07 22:00:00,Purchase,0,Merchant_A,1043
912,275.3830044146475,2023-02-07 23:00:00,Purchase,0,Merchant_B,1025
913,627.9074187706427,2023-02-08 00:00:00,Transfer,1,Merchant_A,1046
914,415.31753566932804,2023-02-08 01:00:00,Withdrawal,0,Merchant_C,1033
915,556.5267090434604,2023-02-08 02:00:00,Purchase,0,Merchant_D,1086
916,441.7652638439635,2023-02-08 03:00:00,Transfer,0,Merchant_B,1094
917,301.5211019464985,2023-02-08 04:00:00,Purchase,0,Merchant_D,1049
918,948.9687738925351,2023-02-08 05:00:00,Purchase,0,Merchant_C,1083
919,765.9697362181632,2023-02-08 06:00:00,Withdrawal,0,Merchant_A,1011
920,148.712044008788,2023-02-08 07:00:00,Purchase,0,Merchant_B,1086
921,869.7832961389337,2023-02-08 08:00:00,Transfer,0,Merchant_C,1003
922,492.5568862670185,2023-02-08 09:00:00,Purchase,0,Merchant_B,1086
923,895.6067046251505,2023-02-08 10:00:00,Withdrawal,0,Merchant_B,1047
924,801.8567033878421,2023-02-08 11:00:00,Withdrawal,0,Merchant_A,1054
925,430.9613694245411,2023-02-08 12:00:00,Transfer,0,Merchant_C,1000
926,32.244615236916225,2023-02-08 13:00:00,Withdrawal,0,Merchant_D,1088
927,275.99058579109663,2023-02-08 14:00:00,Purchase,0,Merchant_B,1065
928,546.2178725142583,2023-02-08 15:00:00,Withdrawal,0,Merchant_B,1029
929,637.1434376278858,2023-02-08 16:00:00,Transfer,0,Merchant_D,1002
930,265.3088085788703,2023-02-08 17:00:00,Withdrawal,0,Merchant_C,1020
931,147.96251333209588,2023-02-08 18:00:00,Withdrawal,0,Merchant_B,1088
932,836.5809344313061,2023-02-08 19:00:00,Withdrawal,0,Merchant_B,1083
933,984.5581588965166,2023-02-08 20:00:00,Transfer,0,Merchant_B,1048
934,530.433280479659,2023-02-08 21:00:00,Withdrawal,0,Merchant_C,1085
935,179.96249298982048,2023-02-08 22:00:00,Withdrawal,0,Merchant_C,1084
936,279.5842532541753,2023-02-08 23:00:00,Purchase,0,Merchant_D,1061
937,28.206769781992065,2023-02-09 00:00:00,Transfer,0,Merchant_C,1096
938,915.155818494894,2023-02-09 01:00:00,Withdrawal,0,Merchant_C,1037
939,126.57357206123973,2023-02-09 02:00:00,Transfer,0,Merchant_A,1014
940,580.751310759111,2023-02-09 03:00:00,Withdrawal,0,Merchant_D,1051
941,281.3146684803339,2023-02-09 04:00:00,Withdrawal,0,Merchant_B,1078
942,558.6362224906355,2023-02-09 05:00:00,Withdrawal,0,Merchant_C,1045
943,654.9061844683456,2023-02-09 06:00:00,Purchase,0,Merchant_B,1024
944,831.4443856701296,2023-02-09 07:00:00,Purchase,0,Merchant_B,1020
945,214.35705904299718,2023-02-09 08:00:00,Purchase,0,Merchant_A,1087
946,20.88587037189567,2023-02-09 09:00:00,Transfer,0,Merchant_C,1004
947,145.5167737681192,2023-02-09 10:00:00,Transfer,0,Merchant_D,1069
948,901.018455429624,2023-02-09 11:00:00,Purchase,0,Merchant_C,1046
949,875.1511767868901,2023-02-09 12:00:00,Transfer,0,Merchant_B,1086
950,601.4389711486052,2023-02-09 13:00:00,Withdrawal,0,Merchant_D,1067
951,604.5116918293169,2023-02-09 14:00:00,Withdrawal,0,Merchant_C,1090
952,668.3863078007929,2023-02-09 15:00:00,Withdrawal,0,Merchant_B,1017
953,183.6175658372151,2023-02-09 16:00:00,Purchase,0,Merchant_B,1020
954,915.2678264657102,2023-02-09 17:00:00,Transfer,0,Merchant_A,1091
955,424.5828196431524,2023-02-09 18:00:00,Purchase,0,Merchant_A,1098
956,389.3071429670025,2023-02-09 19:00:00,Transfer,0,Merchant_A,1085
957,523.7285282300091,2023-02-09 20:00:00,Withdrawal,0,Merchant_B,1022
958,56.496307107304496,2023-02-09 21:00:00,Purchase,0,Merchant_C,1063
959,174.62053506851862,2023-02-09 22:00:00,Transfer,0,Merchant_A,1066
960,740.6532802621067,2023-02-09 23:00:00,Transfer,0,Merchant_C,1039
961,91.9706812458752,2023-02-10 00:00:00,Withdrawal,0,Merchant_A,1009
962,607.1205883717244,2023-02-10 01:00:00,Purchase,1,Merchant_D,1088
963,252.89561858450776,2023-02-10 02:00:00,Purchase,0,Merchant_D,1051
964,395.4026579015568,2023-02-10 03:00:00,Purchase,0,Merchant_A,1071
965,295.80679940299285,2023-02-10 04:00:00,Withdrawal,0,Merchant_B,1074
966,362.11598930029965,2023-02-10 05:00:00,Purchase,0,Merchant_A,1060
967,721.855446132403,2023-02-10 06:00:00,Withdrawal,0,Merchant_A,1063
968,304.15049846694325,2023-02-10 07:00:00,Withdrawal,0,Merchant_B,1004
969,570.7405938939282,2023-02-10 08:00:00,Withdrawal,0,Merchant_D,1052
970,481.2898981771087,2023-02-10 09:00:00,Transfer,0,Merchant_C,1054
971,667.0344537090217,2023-02-10 10:00:00,Purchase,0,Merchant_A,1036
972,937.4614419315104,2023-02-10 11:00:00,Purchase,0,Merchant_B,1055
973,735.2463762381478,2023-02-10 12:00:00,Withdrawal,1,Merchant_A,1058
974,222.79097480484918,2023-02-10 13:00:00,Withdrawal,0,Merchant_B,1092
975,40.871303710671825,2023-02-10 14:00:00,Purchase,1,Merchant_C,1068
976,269.64140385682686,2023-02-10 15:00:00,Withdrawal,0,Merchant_C,1072
977,599.1271513932522,2023-02-10 16:00:00,Purchase,0,Merchant_D,1058
978,60.91155534940785,2023-02-10 17:00:00,Transfer,0,Merchant_B,1001
979,501.402584729224,2023-02-10 18:00:00,Withdrawal,0,Merchant_B,1064
980,600.8744204277203,2023-02-10 19:00:00,Purchase,0,Merchant_D,1059
981,340.9014519087912,2023-02-10 20:00:00,Withdrawal,0,Merchant_D,1050
982,773.2030817083637,2023-02-10 21:00:00,Purchase,0,Merchant_B,1029
983,115.53227060243408,2023-02-10 22:00:00,Purchase,1,Merchant_D,1010
984,84.38640391845067,2023-02-10 23:00:00,Withdrawal,0,Merchant_C,1091
985,730.9068686415674,2023-02-11 00:00:00,Transfer,0,Merchant_A,1075
986,500.5364030441365,2023-02-11 01:00:00,Purchase,0,Merchant_C,1038
987,691.5183724634587,2023-02-11 02:00:00,Purchase,0,Merchant_D,1089
988,440.47906521770875,2023-02-11 03:00:00,Purchase,0,Merchant_B,1076
989,253.93801290671576,2023-02-11 04:00:00,Transfer,0,Merchant_B,1071
990,820.9112944974577,2023-02-11 05:00:00,Transfer,0,Merchant_C,1062
991,801.4217201792894,2023-02-11 06:00:00,Withdrawal,0,Merchant_B,1063
992,697.7495061458825,2023-02-11 07:00:00,Transfer,0,Merchant_D,1060
993,279.4236858576631,2023-02-11 08:00:00,Withdrawal,0,Merchant_C,1053
994,594.3283602003962,2023-02-11 09:00:00,Withdrawal,0,Merchant_B,1091
995,367.36415797062654,2023-02-11 10:00:00,Transfer,0,Merchant_A,1093
996,100.66625259336782,2023-02-11 11:00:00,Withdrawal,0,Merchant_A,1072
997,918.1404397076203,2023-02-11 12:00:00,Transfer,0,Merchant_D,1094
998,145.45044460977178,2023-02-11 13:00:00,Withdrawal,0,Merchant_B,1057
999,950.7349802825944,2023-02-11 14:00:00,Transfer,0,Merchant_D,1084
1000,451.5457152283762,2023-02-11 15:00:00,Transfer,0,Merchant_C,1055
